{
  "raw": {
    "dominant_score": [
      5.98,
      5.98,
      5.98,
      5.98,
      5.98,
      5.98,
      5.98,
      5.98,
      5.98
    ],
    "dominance_multiplier": [
      1.299,
      1.299,
      1.299,
      1.299,
      1.299,
      1.299,
      1.299,
      1.299,
      1.299
    ],
    "house_pressure": [
      0.867,
      1.283,
      0.867,
      1.0,
      1.283,
      0.5,
      0.417,
      0.7,
      0.533
    ],
    "house_pressure_modifier": [
      0.89596,
      1.10264,
      0.89596,
      1.08,
      1.10264,
      1.04,
      1.03336,
      1.056,
      1.04264
    ],
    "lagna_boost": [
      1.0,
      1.0,
      1.0,
      1.12,
      1.0,
      1.0,
      1.0,
      1.0,
      1.0
    ],
    "influence_score": [
      0.3647207772172045,
      0.7335080687021472,
      0.12181673959054629,
      1.3125959320373728,
      0.8552704081067036,
      0.6424211171663999,
      0.6444339343649762,
      0.7262499705120001,
      0.34731866482340545
    ],
    "risk_factor": [
      0.54,
      0.0,
      0.78,
      0.0,
      0.0,
      0.06,
      0.06,
      0.0,
      0.35
    ],
    "opportunity_factor": [
      0.36,
      0.73,
      0.12,
      1.0,
      0.86,
      0.64,
      0.64,
      0.73,
      0.35
    ]
  },
  "aggregated": {
    "dominant_score": {
      "min": 5.98,
      "max": 5.98,
      "mean": 5.98
    },
    "dominance_multiplier": {
      "min": 1.299,
      "max": 1.299,
      "mean": 1.299
    },
    "house_pressure": {
      "min": 0.417,
      "max": 1.283,
      "mean": 0.8278
    },
    "house_pressure_modifier": {
      "min": 0.896,
      "max": 1.1026,
      "mean": 1.0277
    },
    "lagna_boost": {
      "min": 1.0,
      "max": 1.12,
      "mean": 1.0133
    },
    "influence_score": {
      "min": 0.1218,
      "max": 1.3126,
      "mean": 0.6387
    },
    "risk_factor": {
      "min": 0.0,
      "max": 0.78,
      "mean": 0.1989
    },
    "opportunity_factor": {
      "min": 0.12,
      "max": 1.0,
      "mean": 0.6033
    }
  },
  "dusthana_pressure": 0.867,
  "lagna_lord_total": 0.9208,
  "lagna_lord_top20": true,
  "mean_shadbala": 0.7075222222222223
}