{
  "raw": {
    "dominant_score": [
      2.64,
      2.64,
      2.64,
      2.64,
      2.64,
      2.64,
      2.64,
      2.64,
      2.64
    ],
    "dominance_multiplier": [
      1.1320000000000001,
      1.1320000000000001,
      1.1320000000000001,
      1.1320000000000001,
      1.1320000000000001,
      1.1320000000000001,
      1.1320000000000001,
      1.1320000000000001,
      1.1320000000000001
    ],
    "house_pressure": [
      0.5,
      0.433,
      0.417,
      0.7,
      0.433,
      0.417,
      0.333,
      0.7,
      0.533
    ],
    "house_pressure_modifier": [
      1.04,
      0.94804,
      1.03336,
      0.916,
      0.94804,
      1.03336,
      1.02664,
      0.916,
      1.04264
    ],
    "lagna_boost": [
      1.0,
      1.0,
      1.0,
      1.12,
      1.0,
      1.0,
      1.0,
      1.0,
      1.0
    ],
    "influence_score": [
      0.5863346208720002,
      0.26304290777250916,
      0.3975389813938042,
      0.11535607254995069,
      0.25370934694245645,
      0.5560896160783506,
      0.3069104283747921,
      0.19747715502614405,
      0.35590011257393717
    ],
    "risk_factor": [
      0.11,
      0.64,
      0.3,
      0.78,
      0.65,
      0.14,
      0.39,
      0.7,
      0.34
    ],
    "opportunity_factor": [
      0.59,
      0.26,
      0.4,
      0.12,
      0.25,
      0.56,
      0.31,
      0.2,
      0.36
    ]
  },
  "aggregated": {
    "dominant_score": {
      "min": 2.64,
      "max": 2.64,
      "mean": 2.64
    },
    "dominance_multiplier": {
      "min": 1.132,
      "max": 1.132,
      "mean": 1.132
    },
    "house_pressure": {
      "min": 0.333,
      "max": 0.7,
      "mean": 0.4962
    },
    "house_pressure_modifier": {
      "min": 0.916,
      "max": 1.0426,
      "mean": 0.9893
    },
    "lagna_boost": {
      "min": 1.0,
      "max": 1.12,
      "mean": 1.0133
    },
    "influence_score": {
      "min": 0.1154,
      "max": 0.5863,
      "mean": 0.3369
    },
    "risk_factor": {
      "min": 0.11,
      "max": 0.78,
      "mean": 0.45
    },
    "opportunity_factor": {
      "min": 0.12,
      "max": 0.59,
      "mean": 0.3389
    }
  },
  "dusthana_pressure": 0.7,
  "lagna_lord_total": 0.5719,
  "lagna_lord_top20": false,
  "mean_shadbala": 0.6127
}