{
  "raw": {
    "dominant_score": [
      4.28,
      4.28,
      4.28,
      4.28,
      4.28,
      4.28,
      4.28,
      4.28,
      4.28
    ],
    "dominance_multiplier": [
      1.214,
      1.214,
      1.214,
      1.214,
      1.214,
      1.214,
      1.214,
      1.214,
      1.214
    ],
    "house_pressure": [
      1.016,
      1.1,
      1.1,
      1.016,
      0.433,
      1.533,
      0.5,
      0.617,
      1.533
    ],
    "house_pressure_modifier": [
      0.87808,
      1.088,
      1.088,
      0.87808,
      1.03464,
      1.12264,
      1.04,
      1.04936,
      1.12264
    ],
    "lagna_boost": [
      1.0,
      1.0,
      1.0,
      1.0,
      1.0,
      1.12,
      1.0,
      1.0,
      1.0
    ],
    "influence_score": [
      0.23456853930898613,
      0.7556989092360961,
      0.6675785417279999,
      0.404448757717446,
      0.4070173300348481,
      1.1276765614768465,
      0.7219946077344002,
      0.5114164935826128,
      0.7649327172476527
    ],
    "risk_factor": [
      0.67,
      0.0,
      0.03,
      0.5,
      0.29,
      0.0,
      0.0,
      0.19,
      0.0
    ],
    "opportunity_factor": [
      0.23,
      0.76,
      0.67,
      0.4,
      0.41,
      1.0,
      0.72,
      0.51,
      0.76
    ]
  },
  "aggregated": {
    "dominant_score": {
      "min": 4.28,
      "max": 4.28,
      "mean": 4.28
    },
    "dominance_multiplier": {
      "min": 1.214,
      "max": 1.214,
      "mean": 1.214
    },
    "house_pressure": {
      "min": 0.433,
      "max": 1.533,
      "mean": 0.9831
    },
    "house_pressure_modifier": {
      "min": 0.8781,
      "max": 1.1226,
      "mean": 1.0335
    },
    "lagna_boost": {
      "min": 1.0,
      "max": 1.12,
      "mean": 1.0133
    },
    "influence_score": {
      "min": 0.2346,
      "max": 1.1277,
      "mean": 0.6217
    },
    "risk_factor": {
      "min": 0.0,
      "max": 0.67,
      "mean": 0.1867
    },
    "opportunity_factor": {
      "min": 0.23,
      "max": 1.0,
      "mean": 0.6067
    }
  },
  "dusthana_pressure": 1.016,
  "lagna_lord_total": 0.837,
  "lagna_lord_top20": true,
  "mean_shadbala": 0.6838555555555555
}