{
  "raw": {
    "dominant_score": [
      4.45,
      4.45,
      4.45,
      4.45,
      4.45,
      4.45,
      4.45,
      4.45,
      4.45
    ],
    "dominance_multiplier": [
      1.2225000000000001,
      1.2225000000000001,
      1.2225000000000001,
      1.2225000000000001,
      1.2225000000000001,
      1.2225000000000001,
      1.2225000000000001,
      1.2225000000000001,
      1.2225000000000001
    ],
    "house_pressure": [
      0.966,
      0.966,
      1.2,
      0.85,
      0.767,
      1.2,
      0.85,
      0.966,
      0.966
    ],
    "house_pressure_modifier": [
      0.88408,
      0.88408,
      1.096,
      1.068,
      1.06136,
      1.096,
      1.068,
      0.88408,
      0.88408
    ],
    "lagna_boost": [
      1.0,
      1.0,
      1.12,
      1.0,
      1.0,
      1.0,
      1.0,
      1.0,
      1.0
    ],
    "influence_score": [
      0.2645212525831229,
      0.25138823043782993,
      0.6595281091981374,
      0.4378463991100862,
      0.8178201195298929,
      0.7916157890909401,
      0.546545194802775,
      0.24085924076988902,
      0.22365500928632556
    ],
    "risk_factor": [
      0.64,
      0.65,
      0.04,
      0.26,
      0.0,
      0.0,
      0.15,
      0.66,
      0.68
    ],
    "opportunity_factor": [
      0.26,
      0.25,
      0.66,
      0.44,
      0.82,
      0.79,
      0.55,
      0.24,
      0.22
    ]
  },
  "aggregated": {
    "dominant_score": {
      "min": 4.45,
      "max": 4.45,
      "mean": 4.45
    },
    "dominance_multiplier": {
      "min": 1.2225,
      "max": 1.2225,
      "mean": 1.2225
    },
    "house_pressure": {
      "min": 0.767,
      "max": 1.2,
      "mean": 0.9701
    },
    "house_pressure_modifier": {
      "min": 0.8841,
      "max": 1.096,
      "mean": 0.9917
    },
    "lagna_boost": {
      "min": 1.0,
      "max": 1.12,
      "mean": 1.0133
    },
    "influence_score": {
      "min": 0.2237,
      "max": 0.8178,
      "mean": 0.4704
    },
    "risk_factor": {
      "min": 0.0,
      "max": 0.68,
      "mean": 0.3422
    },
    "opportunity_factor": {
      "min": 0.22,
      "max": 0.82,
      "mean": 0.47
    }
  },
  "dusthana_pressure": 0.966,
  "lagna_lord_total": 0.605,
  "lagna_lord_top20": false,
  "mean_shadbala": 0.6767444444444445
}