{
  "raw": {
    "dominant_score": [
      3.37,
      3.37,
      3.37,
      3.37,
      3.37,
      3.37,
      3.37,
      3.37,
      3.37
    ],
    "dominance_multiplier": [
      1.1685,
      1.1685,
      1.1685,
      1.1685,
      1.1685,
      1.1685,
      1.1685,
      1.1685,
      1.1685
    ],
    "house_pressure": [
      1.383,
      1.2,
      1.383,
      1.383,
      0.333,
      0.583,
      0.583,
      1.2,
      0.533
    ],
    "house_pressure_modifier": [
      0.83404,
      1.096,
      0.83404,
      0.83404,
      0.96004,
      1.04664,
      1.04664,
      1.096,
      1.04264
    ],
    "lagna_boost": [
      1.0,
      1.0,
      1.12,
      1.0,
      1.0,
      1.0,
      1.0,
      1.0,
      1.0
    ],
    "influence_score": [
      0.19739600040375904,
      0.66873386545056,
      0.18147663762792562,
      0.29495876948540617,
      0.26008485357946814,
      0.6477980084492162,
      0.6818926404728592,
      0.643013332164,
      0.3879973289461392
    ],
    "risk_factor": [
      0.7,
      0.03,
      0.72,
      0.61,
      0.64,
      0.05,
      0.02,
      0.06,
      0.31
    ],
    "opportunity_factor": [
      0.2,
      0.67,
      0.18,
      0.29,
      0.26,
      0.65,
      0.68,
      0.64,
      0.39
    ]
  },
  "aggregated": {
    "dominant_score": {
      "min": 3.37,
      "max": 3.37,
      "mean": 3.37
    },
    "dominance_multiplier": {
      "min": 1.1685,
      "max": 1.1685,
      "mean": 1.1685
    },
    "house_pressure": {
      "min": 0.333,
      "max": 1.383,
      "mean": 0.9534
    },
    "house_pressure_modifier": {
      "min": 0.834,
      "max": 1.096,
      "mean": 0.9767
    },
    "lagna_boost": {
      "min": 1.0,
      "max": 1.12,
      "mean": 1.0133
    },
    "influence_score": {
      "min": 0.1815,
      "max": 0.6819,
      "mean": 0.4404
    },
    "risk_factor": {
      "min": 0.02,
      "max": 0.72,
      "mean": 0.3489
    },
    "opportunity_factor": {
      "min": 0.18,
      "max": 0.68,
      "mean": 0.44
    }
  },
  "dusthana_pressure": 1.383,
  "lagna_lord_total": 0.5541,
  "lagna_lord_top20": false,
  "mean_shadbala": 0.6453
}