{
  "raw": {
    "dominant_score": [
      4.4,
      4.4,
      4.4,
      4.4,
      4.4,
      4.4,
      4.4,
      4.4,
      4.4
    ],
    "dominance_multiplier": [
      1.22,
      1.22,
      1.22,
      1.22,
      1.22,
      1.22,
      1.22,
      1.22,
      1.22
    ],
    "house_pressure": [
      1.133,
      0.6,
      0.766,
      1.133,
      0.766,
      1.133,
      0.517,
      0.7,
      0.533
    ],
    "house_pressure_modifier": [
      0.86404,
      0.928,
      0.90808,
      0.86404,
      0.90808,
      0.86404,
      1.04136,
      1.056,
      1.04264
    ],
    "lagna_boost": [
      1.12,
      1.0,
      1.0,
      1.0,
      1.0,
      1.0,
      1.0,
      1.0,
      1.0
    ],
    "influence_score": [
      0.24805311544776706,
      0.3955890002652224,
      0.4657711530341358,
      0.0557635661780895,
      0.07473534128130788,
      0.26667674493273885,
      0.5808075576205876,
      0.64518067152,
      0.404051517663696
    ],
    "risk_factor": [
      0.65,
      0.5,
      0.43,
      0.84,
      0.83,
      0.63,
      0.12,
      0.05,
      0.3
    ],
    "opportunity_factor": [
      0.25,
      0.4,
      0.47,
      0.06,
      0.07,
      0.27,
      0.58,
      0.65,
      0.4
    ]
  },
  "aggregated": {
    "dominant_score": {
      "min": 4.4,
      "max": 4.4,
      "mean": 4.4
    },
    "dominance_multiplier": {
      "min": 1.22,
      "max": 1.22,
      "mean": 1.22
    },
    "house_pressure": {
      "min": 0.517,
      "max": 1.133,
      "mean": 0.809
    },
    "house_pressure_modifier": {
      "min": 0.864,
      "max": 1.056,
      "mean": 0.9418
    },
    "lagna_boost": {
      "min": 1.0,
      "max": 1.12,
      "mean": 1.0133
    },
    "influence_score": {
      "min": 0.0558,
      "max": 0.6452,
      "mean": 0.3485
    },
    "risk_factor": {
      "min": 0.05,
      "max": 0.84,
      "mean": 0.4833
    },
    "opportunity_factor": {
      "min": 0.06,
      "max": 0.65,
      "mean": 0.35
    }
  },
  "dusthana_pressure": 1.133,
  "lagna_lord_total": 0.6917,
  "lagna_lord_top20": true,
  "mean_shadbala": 0.6310888888888889
}