{
  "raw": {
    "dominant_score": [
      4.72,
      4.72,
      4.72,
      4.72,
      4.72,
      4.72,
      4.72,
      4.72,
      4.72
    ],
    "dominance_multiplier": [
      1.236,
      1.236,
      1.236,
      1.236,
      1.236,
      1.236,
      1.236,
      1.236,
      1.236
    ],
    "house_pressure": [
      0.933,
      0.6,
      0.866,
      0.933,
      0.866,
      0.933,
      0.517,
      0.7,
      0.533
    ],
    "house_pressure_modifier": [
      0.8880399999999999,
      0.928,
      0.89608,
      0.8880399999999999,
      0.89608,
      0.8880399999999999,
      1.04136,
      1.056,
      1.04264
    ],
    "lagna_boost": [
      1.12,
      1.0,
      1.0,
      1.0,
      1.0,
      1.0,
      1.0,
      1.0,
      1.0
    ],
    "influence_score": [
      0.24368455819153848,
      0.4008064632401357,
      0.493618735784407,
      0.058068382493518755,
      0.0785509088053138,
      0.26198019989221244,
      0.5884678867131649,
      0.653690024064,
      0.4093805936287872
    ],
    "risk_factor": [
      0.66,
      0.5,
      0.41,
      0.84,
      0.82,
      0.64,
      0.11,
      0.05,
      0.29
    ],
    "opportunity_factor": [
      0.24,
      0.4,
      0.49,
      0.06,
      0.08,
      0.26,
      0.59,
      0.65,
      0.41
    ]
  },
  "aggregated": {
    "dominant_score": {
      "min": 4.72,
      "max": 4.72,
      "mean": 4.72
    },
    "dominance_multiplier": {
      "min": 1.236,
      "max": 1.236,
      "mean": 1.236
    },
    "house_pressure": {
      "min": 0.517,
      "max": 0.933,
      "mean": 0.7646
    },
    "house_pressure_modifier": {
      "min": 0.888,
      "max": 1.056,
      "mean": 0.9471
    },
    "lagna_boost": {
      "min": 1.0,
      "max": 1.12,
      "mean": 1.0133
    },
    "influence_score": {
      "min": 0.0581,
      "max": 0.6537,
      "mean": 0.3542
    },
    "risk_factor": {
      "min": 0.05,
      "max": 0.84,
      "mean": 0.48
    },
    "opportunity_factor": {
      "min": 0.06,
      "max": 0.65,
      "mean": 0.3533
    }
  },
  "dusthana_pressure": 0.933,
  "lagna_lord_total": 0.6917,
  "lagna_lord_top20": true,
  "mean_shadbala": 0.6317333333333334
}