{
  "raw": {
    "dominant_score": [
      3.91,
      3.91,
      3.91,
      3.91,
      3.91,
      3.91,
      3.91,
      3.91,
      3.91
    ],
    "dominance_multiplier": [
      1.1955,
      1.1955,
      1.1955,
      1.1955,
      1.1955,
      1.1955,
      1.1955,
      1.1955,
      1.1955
    ],
    "house_pressure": [
      1.734,
      0.517,
      1.734,
      1.734,
      0.85,
      0.417,
      1.734,
      0.617,
      1.734
    ],
    "house_pressure_modifier": [
      1.13872,
      1.04136,
      1.13872,
      1.13872,
      1.068,
      1.03336,
      1.13872,
      1.04936,
      1.13872
    ],
    "lagna_boost": [
      1.0,
      1.0,
      1.0,
      1.0,
      1.12,
      1.0,
      1.0,
      1.0,
      1.0
    ],
    "influence_score": [
      0.5394880155366508,
      0.5347540260682336,
      0.305126473653144,
      0.0,
      1.1537972734910718,
      0.4922068913456433,
      0.2933908400511,
      0.5762427639779889,
      0.4893759212052347
    ],
    "risk_factor": [
      0.16,
      0.17,
      0.39,
      0.7,
      0.0,
      0.21,
      0.41,
      0.12,
      0.21
    ],
    "opportunity_factor": [
      0.54,
      0.53,
      0.31,
      0.0,
      1.0,
      0.49,
      0.29,
      0.58,
      0.49
    ]
  },
  "aggregated": {
    "dominant_score": {
      "min": 3.91,
      "max": 3.91,
      "mean": 3.91
    },
    "dominance_multiplier": {
      "min": 1.1955,
      "max": 1.1955,
      "mean": 1.1955
    },
    "house_pressure": {
      "min": 0.417,
      "max": 1.734,
      "mean": 1.2301
    },
    "house_pressure_modifier": {
      "min": 1.0334,
      "max": 1.1387,
      "mean": 1.0984
    },
    "lagna_boost": {
      "min": 1.0,
      "max": 1.12,
      "mean": 1.0133
    },
    "influence_score": {
      "min": 0.0,
      "max": 1.1538,
      "mean": 0.4872
    },
    "risk_factor": {
      "min": 0.0,
      "max": 0.7,
      "mean": 0.2633
    },
    "opportunity_factor": {
      "min": 0.0,
      "max": 1.0,
      "mean": 0.47
    }
  },
  "dusthana_pressure": 0.0,
  "lagna_lord_total": 0.8881,
  "lagna_lord_top20": true,
  "mean_shadbala": 0.6450555555555556
}