{
  "raw": {
    "dominant_score": [
      2.67,
      2.67,
      2.67,
      2.67,
      2.67,
      2.67,
      2.67,
      2.67,
      2.67
    ],
    "dominance_multiplier": [
      1.1335,
      1.1335,
      1.1335,
      1.1335,
      1.1335,
      1.1335,
      1.1335,
      1.1335,
      1.1335
    ],
    "house_pressure": [
      1.066,
      0.417,
      1.066,
      0.683,
      0.433,
      0.433,
      0.417,
      0.533,
      1.066
    ],
    "house_pressure_modifier": [
      0.87208,
      1.03336,
      0.87208,
      1.05464,
      1.03464,
      1.03464,
      1.03336,
      0.93604,
      0.87208
    ],
    "lagna_boost": [
      1.0,
      1.0,
      1.12,
      1.0,
      1.0,
      1.0,
      1.0,
      1.0,
      1.0
    ],
    "influence_score": [
      0.0,
      0.5556464574042789,
      0.2512758857844897,
      0.6625090383104404,
      0.290029571622648,
      0.09253081143081913,
      0.5110460728634673,
      0.23524280544875417,
      0.20351366967565063
    ],
    "risk_factor": [
      0.9,
      0.14,
      0.65,
      0.04,
      0.41,
      0.61,
      0.19,
      0.66,
      0.7
    ],
    "opportunity_factor": [
      0.0,
      0.56,
      0.25,
      0.66,
      0.29,
      0.09,
      0.51,
      0.24,
      0.2
    ]
  },
  "aggregated": {
    "dominant_score": {
      "min": 2.67,
      "max": 2.67,
      "mean": 2.67
    },
    "dominance_multiplier": {
      "min": 1.1335,
      "max": 1.1335,
      "mean": 1.1335
    },
    "house_pressure": {
      "min": 0.417,
      "max": 1.066,
      "mean": 0.6793
    },
    "house_pressure_modifier": {
      "min": 0.8721,
      "max": 1.0546,
      "mean": 0.9714
    },
    "lagna_boost": {
      "min": 1.0,
      "max": 1.12,
      "mean": 1.0133
    },
    "influence_score": {
      "min": 0.0,
      "max": 0.6625,
      "mean": 0.3113
    },
    "risk_factor": {
      "min": 0.04,
      "max": 0.9,
      "mean": 0.4778
    },
    "opportunity_factor": {
      "min": 0.0,
      "max": 0.66,
      "mean": 0.3111
    }
  },
  "dusthana_pressure": 1.066,
  "lagna_lord_total": 0.6169,
  "lagna_lord_top20": false,
  "mean_shadbala": 0.6194666666666667
}