{
  "raw": {
    "dominant_score": [
      2.67,
      2.67,
      2.67,
      2.67,
      2.67,
      2.67,
      2.67,
      2.67,
      2.67
    ],
    "dominance_multiplier": [
      1.1335,
      1.1335,
      1.1335,
      1.1335,
      1.1335,
      1.1335,
      1.1335,
      1.1335,
      1.1335
    ],
    "house_pressure": [
      0.866,
      0.417,
      0.866,
      0.683,
      0.533,
      0.533,
      0.417,
      0.533,
      0.866
    ],
    "house_pressure_modifier": [
      0.89608,
      1.03336,
      0.89608,
      1.05464,
      1.04264,
      1.04264,
      1.03336,
      0.93604,
      0.89608
    ],
    "lagna_boost": [
      1.0,
      1.0,
      1.12,
      1.0,
      1.0,
      1.0,
      1.0,
      1.0,
      1.0
    ],
    "influence_score": [
      0.0,
      0.5557223997063516,
      0.24360980130422424,
      0.6625995859254623,
      0.30985079636740326,
      0.09857797404372116,
      0.5111159194623637,
      0.23527495697236023,
      0.20914302996585182
    ],
    "risk_factor": [
      0.9,
      0.14,
      0.66,
      0.04,
      0.39,
      0.6,
      0.19,
      0.66,
      0.69
    ],
    "opportunity_factor": [
      0.0,
      0.56,
      0.24,
      0.66,
      0.31,
      0.1,
      0.51,
      0.24,
      0.21
    ]
  },
  "aggregated": {
    "dominant_score": {
      "min": 2.67,
      "max": 2.67,
      "mean": 2.67
    },
    "dominance_multiplier": {
      "min": 1.1335,
      "max": 1.1335,
      "mean": 1.1335
    },
    "house_pressure": {
      "min": 0.417,
      "max": 0.866,
      "mean": 0.6349
    },
    "house_pressure_modifier": {
      "min": 0.8961,
      "max": 1.0546,
      "mean": 0.9812
    },
    "lagna_boost": {
      "min": 1.0,
      "max": 1.12,
      "mean": 1.0133
    },
    "influence_score": {
      "min": 0.0,
      "max": 0.6626,
      "mean": 0.314
    },
    "risk_factor": {
      "min": 0.04,
      "max": 0.9,
      "mean": 0.4744
    },
    "opportunity_factor": {
      "min": 0.0,
      "max": 0.66,
      "mean": 0.3144
    }
  },
  "dusthana_pressure": 0.866,
  "lagna_lord_total": 0.6169,
  "lagna_lord_top20": false,
  "mean_shadbala": 0.6192777777777778
}