{
  "raw": {
    "dominant_score": [
      7.53,
      7.53,
      7.53,
      7.53,
      7.53,
      7.53,
      7.53,
      7.53,
      7.53
    ],
    "dominance_multiplier": [
      1.3765,
      1.3765,
      1.3765,
      1.3765,
      1.3765,
      1.3765,
      1.3765,
      1.3765,
      1.3765
    ],
    "house_pressure": [
      0.333,
      0.767,
      1.45,
      0.333,
      0.683,
      1.45,
      0.583,
      0.533,
      0.533
    ],
    "house_pressure_modifier": [
      1.02664,
      1.06136,
      1.116,
      1.02664,
      1.05464,
      1.116,
      0.93004,
      0.93604,
      1.04264
    ],
    "lagna_boost": [
      1.0,
      1.0,
      1.12,
      1.0,
      1.0,
      1.0,
      1.0,
      1.0,
      1.0
    ],
    "influence_score": [
      0.4074160685240636,
      1.102193672476432,
      1.0084915971665358,
      0.34404023564254255,
      0.9483254050760705,
      1.1423891800428698,
      0.4666773985804845,
      0.24764132625604848,
      0.4367525511502822
    ],
    "risk_factor": [
      0.29,
      0.0,
      0.0,
      0.36,
      0.0,
      0.0,
      0.43,
      0.65,
      0.26
    ],
    "opportunity_factor": [
      0.41,
      1.0,
      1.0,
      0.34,
      0.95,
      1.0,
      0.47,
      0.25,
      0.44
    ]
  },
  "aggregated": {
    "dominant_score": {
      "min": 7.53,
      "max": 7.53,
      "mean": 7.53
    },
    "dominance_multiplier": {
      "min": 1.3765,
      "max": 1.3765,
      "mean": 1.3765
    },
    "house_pressure": {
      "min": 0.333,
      "max": 1.45,
      "mean": 0.7406
    },
    "house_pressure_modifier": {
      "min": 0.93,
      "max": 1.116,
      "mean": 1.0344
    },
    "lagna_boost": {
      "min": 1.0,
      "max": 1.12,
      "mean": 1.0133
    },
    "influence_score": {
      "min": 0.2476,
      "max": 1.1424,
      "mean": 0.6782
    },
    "risk_factor": {
      "min": 0.0,
      "max": 0.65,
      "mean": 0.2211
    },
    "opportunity_factor": {
      "min": 0.25,
      "max": 1.0,
      "mean": 0.6511
    }
  },
  "dusthana_pressure": 0.583,
  "lagna_lord_total": 0.6948,
  "lagna_lord_top20": false,
  "mean_shadbala": 0.6944
}