{
  "raw": {
    "dominant_score": [
      5.8,
      5.8,
      5.8,
      5.8,
      5.8,
      5.8,
      5.8,
      5.8,
      5.8
    ],
    "dominance_multiplier": [
      1.29,
      1.29,
      1.29,
      1.29,
      1.29,
      1.29,
      1.29,
      1.29,
      1.29
    ],
    "house_pressure": [
      0.433,
      0.517,
      0.333,
      1.1,
      1.384,
      1.1,
      0.5,
      0.617,
      1.384
    ],
    "house_pressure_modifier": [
      0.94804,
      1.04136,
      1.02664,
      1.088,
      1.11072,
      1.088,
      1.04,
      1.04936,
      1.11072
    ],
    "lagna_boost": [
      1.0,
      1.0,
      1.12,
      1.0,
      1.0,
      1.0,
      1.0,
      1.0,
      1.0
    ],
    "influence_score": [
      0.2997118827338976,
      0.5705797363331386,
      0.46717022061054875,
      0.70764182108928,
      0.9111411723054003,
      0.7053845904000001,
      0.7063725240000002,
      0.621435658871196,
      0.5147791229430719
    ],
    "risk_factor": [
      0.6,
      0.13,
      0.23,
      0.0,
      0.0,
      0.0,
      0.0,
      0.08,
      0.19
    ],
    "opportunity_factor": [
      0.3,
      0.57,
      0.47,
      0.71,
      0.91,
      0.71,
      0.71,
      0.62,
      0.51
    ]
  },
  "aggregated": {
    "dominant_score": {
      "min": 5.8,
      "max": 5.8,
      "mean": 5.8
    },
    "dominance_multiplier": {
      "min": 1.29,
      "max": 1.29,
      "mean": 1.29
    },
    "house_pressure": {
      "min": 0.333,
      "max": 1.384,
      "mean": 0.8187
    },
    "house_pressure_modifier": {
      "min": 0.948,
      "max": 1.1107,
      "mean": 1.0559
    },
    "lagna_boost": {
      "min": 1.0,
      "max": 1.12,
      "mean": 1.0133
    },
    "influence_score": {
      "min": 0.2997,
      "max": 0.9111,
      "mean": 0.6116
    },
    "risk_factor": {
      "min": 0.0,
      "max": 0.6,
      "mean": 0.1367
    },
    "opportunity_factor": {
      "min": 0.3,
      "max": 0.91,
      "mean": 0.6122
    }
  },
  "dusthana_pressure": 0.433,
  "lagna_lord_total": 0.605,
  "lagna_lord_top20": false,
  "mean_shadbala": 0.6968555555555556
}