{
  "raw": {
    "dominant_score": [
      3.36,
      3.36,
      3.36,
      3.36,
      3.36,
      3.36,
      3.36,
      3.36,
      3.36
    ],
    "dominance_multiplier": [
      1.168,
      1.168,
      1.168,
      1.168,
      1.168,
      1.168,
      1.168,
      1.168,
      1.168
    ],
    "house_pressure": [
      0.767,
      0.617,
      0.966,
      0.617,
      0.433,
      0.767,
      0.183,
      0.966,
      0.533
    ],
    "house_pressure_modifier": [
      1.06136,
      1.04936,
      0.88408,
      1.04936,
      0.94804,
      1.06136,
      1.01464,
      0.88408,
      0.93604
    ],
    "lagna_boost": [
      1.0,
      1.0,
      1.0,
      1.0,
      1.12,
      1.0,
      1.0,
      1.0,
      1.0
    ],
    "influence_score": [
      0.5369501419146996,
      0.340547667074814,
      0.23337813143529826,
      0.2062816453106473,
      0.2744133747999919,
      0.3399396581906012,
      0.08912816092205385,
      0.21250194077369092,
      0.24229833298981632
    ],
    "risk_factor": [
      0.16,
      0.36,
      0.67,
      0.49,
      0.63,
      0.36,
      0.61,
      0.69,
      0.66
    ],
    "opportunity_factor": [
      0.54,
      0.34,
      0.23,
      0.21,
      0.27,
      0.34,
      0.09,
      0.21,
      0.24
    ]
  },
  "aggregated": {
    "dominant_score": {
      "min": 3.36,
      "max": 3.36,
      "mean": 3.36
    },
    "dominance_multiplier": {
      "min": 1.168,
      "max": 1.168,
      "mean": 1.168
    },
    "house_pressure": {
      "min": 0.183,
      "max": 0.966,
      "mean": 0.6499
    },
    "house_pressure_modifier": {
      "min": 0.8841,
      "max": 1.0614,
      "mean": 0.9876
    },
    "lagna_boost": {
      "min": 1.0,
      "max": 1.12,
      "mean": 1.0133
    },
    "influence_score": {
      "min": 0.0891,
      "max": 0.537,
      "mean": 0.275
    },
    "risk_factor": {
      "min": 0.16,
      "max": 0.69,
      "mean": 0.5144
    },
    "opportunity_factor": {
      "min": 0.09,
      "max": 0.54,
      "mean": 0.2744
    }
  },
  "dusthana_pressure": 0.966,
  "lagna_lord_total": 0.6721,
  "lagna_lord_top20": true,
  "mean_shadbala": 0.6103111111111111
}