{
  "raw": {
    "dominant_score": [
      7.04,
      7.04,
      7.04,
      7.04,
      7.04,
      7.04,
      7.04,
      7.04,
      7.04
    ],
    "dominance_multiplier": [
      1.352,
      1.352,
      1.352,
      1.352,
      1.352,
      1.352,
      1.352,
      1.352,
      1.352
    ],
    "house_pressure": [
      1.8170000000000002,
      0.6,
      1.8170000000000002,
      1.8170000000000002,
      0.583,
      1.8170000000000002,
      0.667,
      0.533,
      0.533
    ],
    "house_pressure_modifier": [
      1.14536,
      1.048,
      1.14536,
      1.14536,
      1.04664,
      1.14536,
      1.05336,
      1.04264,
      0.93604
    ],
    "lagna_boost": [
      1.0,
      1.0,
      1.0,
      1.0,
      1.0,
      1.12,
      1.0,
      1.0,
      1.0
    ],
    "influence_score": [
      0.587660595178002,
      0.7957557344605442,
      0.7046290110047985,
      0.367238569275572,
      0.7493315878909661,
      0.4113071975886407,
      1.0299123434128106,
      0.42637013122043815,
      0.24175443164169025
    ],
    "risk_factor": [
      0.11,
      0.0,
      0.0,
      0.33,
      0.0,
      0.29,
      0.0,
      0.27,
      0.66
    ],
    "opportunity_factor": [
      0.59,
      0.8,
      0.7,
      0.37,
      0.75,
      0.41,
      1.0,
      0.43,
      0.24
    ]
  },
  "aggregated": {
    "dominant_score": {
      "min": 7.04,
      "max": 7.04,
      "mean": 7.04
    },
    "dominance_multiplier": {
      "min": 1.352,
      "max": 1.352,
      "mean": 1.352
    },
    "house_pressure": {
      "min": 0.533,
      "max": 1.817,
      "mean": 1.1316
    },
    "house_pressure_modifier": {
      "min": 0.936,
      "max": 1.1454,
      "mean": 1.0787
    },
    "lagna_boost": {
      "min": 1.0,
      "max": 1.12,
      "mean": 1.0133
    },
    "influence_score": {
      "min": 0.2418,
      "max": 1.0299,
      "mean": 0.5904
    },
    "risk_factor": {
      "min": 0.0,
      "max": 0.66,
      "mean": 0.1844
    },
    "opportunity_factor": {
      "min": 0.24,
      "max": 1.0,
      "mean": 0.5878
    }
  },
  "dusthana_pressure": 0.533,
  "lagna_lord_total": 0.8293,
  "lagna_lord_top20": true,
  "mean_shadbala": 0.6655222222222222
}